Target,Data0,Data1,Data2,Data3,Data4,Data5,Data6,Data7,Data8,Data9,Data10,Data11,Data12,Data13,Data14,Data15,Data16,Data17,Data18,Data19
불닭볶음면,화끈한 매운맛,SamYane®,re,화닭,화닭~,화끈한 매운맛,화끈한 매운맛,화끈한 매운맛,화끈한 매운맛,화끈한 매운맛,화끈한 매운맛,화끈한 매운맛,화끈한 매운맛,화끈한 매운맛,화끈한 매운맛,화끈한 매운맛,화끈한 매운맛,화끈한 매운맛,화끈한 매운맛,화끈한 매운맛
불닭볶음면,사한매운맛,화끈한 매운맛 오복유,※뜨것은 물은 사용한도로 이,꼴까닭~,죽을만큼 매원어,동네마트,SAMYANG,화닭,irewl,한달,사한매운맛,사한매운맛,사한매운맛,사한매운맛,사한매운맛,사한매운맛,사한매운맛,사한매운맛,사한매운맛,사한매운맛
불닭볶음면,화끈 한매운맛!,2. 톡톡 씹히는 함께와 고소한 구운 김가루 별첨,1. 알싸한 청양고추(약 4000-10000SHU)에,3매운 닭맛을 볶음면으로 즐기세요.,잠깐! SHIU를 아시나요?,SH니스코벨지쉬)는 매운맛을 추정하는 표준,클로기에는 무료 850000~10000005903),(당사분석처 기준 3210SHU),단체입니다. 세계에서 가정 대운고주면 해도,버금가는 초강력 매운맛!,생각만 저도 입면이 영양하고?,SAMYANG,화끈 한매운맛!,화끈 한매운맛!,화끈 한매운맛!,화끈 한매운맛!,화끈 한매운맛!,화끈 한매운맛!,화끈 한매운맛!,화끈 한매운맛!
불닭볶음면,와끈한매운앗,매운맛,와끈한매운앗,와끈한매운앗,와끈한매운앗,와끈한매운앗,와끈한매운앗,와끈한매운앗,와끈한매운앗,와끈한매운앗,와끈한매운앗,와끈한매운앗,와끈한매운앗,와끈한매운앗,와끈한매운앗,와끈한매운앗,와끈한매운앗,와끈한매운앗,와끈한매운앗,와끈한매운앗
불닭볶음면,Samang 화끈한 매운맛,Fire~!,애 (뿜뿜,Samang 화끈한 매운맛,Samang 화끈한 매운맛,Samang 화끈한 매운맛,Samang 화끈한 매운맛,Samang 화끈한 매운맛,Samang 화끈한 매운맛,Samang 화끈한 매운맛,Samang 화끈한 매운맛,Samang 화끈한 매운맛,Samang 화끈한 매운맛,Samang 화끈한 매운맛,Samang 화끈한 매운맛,Samang 화끈한 매운맛,Samang 화끈한 매운맛,Samang 화끈한 매운맛,Samang 화끈한 매운맛,Samang 화끈한 매운맛
불닭볶음면,불닭볶99,화끈한 매운맛,두유무 맛있어서,Samily,불닭볶99,불닭볶99,불닭볶99,불닭볶99,불닭볶99,불닭볶99,불닭볶99,불닭볶99,불닭볶99,불닭볶99,불닭볶99,불닭볶99,불닭볶99,불닭볶99,불닭볶99,불닭볶99
불닭볶음면,불닭볶음,화끝 한매운맛!,잠깐! SHU를 아시나요?,이는 우리 801000-10020008km),2. 톡 씹히는 참깨와 고소한 구운 김가루 발생,1. 알싸한 청양고추(약 4000-1000SHU)에,3. 매운불닭맛을 볶음면으로 즐기세요.,1각만 제도 인연이 영양하고,(당사분석치 기준 3210SHU),버금가는 초강력 매운맛!,http://nokomoko.tistory.com,불닭볶음,불닭볶음,불닭볶음,불닭볶음,불닭볶음,불닭볶음,불닭볶음,불닭볶음,불닭볶음
불닭볶음면,불닭#면,화끈한 매운맛,SanYane®,[후레이크,fre~,는☆,화닭,•화닭~,불닭#면,불닭#면,불닭#면,불닭#면,불닭#면,불닭#면,불닭#면,불닭#면,불닭#면,불닭#면,불닭#면,불닭#면
불닭볶음면,불닭볶음탕,화끈한 매운맛,불닭볶음탕,불닭볶음탕,불닭볶음탕,불닭볶음탕,불닭볶음탕,불닭볶음탕,불닭볶음탕,불닭볶음탕,불닭볶음탕,불닭볶음탕,불닭볶음탕,불닭볶음탕,불닭볶음탕,불닭볶음탕,불닭볶음탕,불닭볶음탕,불닭볶음탕,불닭볶음탕
불닭볶음면,화끈한매운맛,Samang,Firen,화끈한매운맛,화끈한매운맛,화끈한매운맛,화끈한매운맛,화끈한매운맛,화끈한매운맛,화끈한매운맛,화끈한매운맛,화끈한매운맛,화끈한매운맛,화끈한매운맛,화끈한매운맛,화끈한매운맛,화끈한매운맛,화끈한매운맛,화끈한매운맛,화끈한매운맛
불닭볶음면,불닭볶음면,정기적으로 들어서 줄을 파라세요. 1!,(국내산) 0.85% 함유,액상스프 중 닭고기,화끈한매운,Fire~!,화닭,SAMYAN,화닭~,호치,불닭볶음면,불닭볶음면,불닭볶음면,불닭볶음면,불닭볶음면,불닭볶음면,불닭볶음면,불닭볶음면,불닭볶음면,불닭볶음면
불닭볶음면,불닭곰8,활끈한 매운맛,죽을만큼 매우,꼴까닭~,불닭곰8,불닭곰8,불닭곰8,불닭곰8,불닭곰8,불닭곰8,불닭곰8,불닭곰8,불닭곰8,불닭곰8,불닭곰8,불닭곰8,불닭곰8,불닭곰8,불닭곰8,불닭곰8
불닭볶음면,화끈한 매운의,화끈한 매운맛,SAMANG,Samone,Fire~!,영산슘) .. %(골김,엑상스프중닭고기(국내산) 0.85% 함유),화닭,중량: 105g(435 kcal),3치,화목~,화끈한 매운의,화끈한 매운의,화끈한 매운의,화끈한 매운의,화끈한 매운의,화끈한 매운의,화끈한 매운의,화끈한 매운의,화끈한 매운의
불닭볶음면,2분 3(공기(국내산) 0.85%,Buitok Fi Lrond),2분 3(공기(국내산) 0.85%,2분 3(공기(국내산) 0.85%,2분 3(공기(국내산) 0.85%,2분 3(공기(국내산) 0.85%,2분 3(공기(국내산) 0.85%,2분 3(공기(국내산) 0.85%,2분 3(공기(국내산) 0.85%,2분 3(공기(국내산) 0.85%,2분 3(공기(국내산) 0.85%,2분 3(공기(국내산) 0.85%,2분 3(공기(국내산) 0.85%,2분 3(공기(국내산) 0.85%,2분 3(공기(국내산) 0.85%,2분 3(공기(국내산) 0.85%,2분 3(공기(국내산) 0.85%,2분 3(공기(국내산) 0.85%,2분 3(공기(국내산) 0.85%,2분 3(공기(국내산) 0.85%
불닭볶음면,• 뜨거운 말을 사하고로 화상해 주주하세요.,SAMYANG,화끈한 매운맛,Fire~!,치즈,SaMYane®,가나으로 들어서 물을 맞하나세요.,맛! 관리,한정판,화닭,₩1500,화닭~,치즈의 풍미가 살아있,₩ 1500,삼양)불닭볶음탕면(큰컵),1큰컵,치즈불닭볶음면큰컵,8801073 211032,109g,• 뜨거운 말을 사하고로 화상해 주주하세요.
불닭볶음면,화끈 한 매운맛!,화품 +매운맛!,SAMane,화끈 한 매운맛!,화끈 한 매운맛!,화끈 한 매운맛!,화끈 한 매운맛!,화끈 한 매운맛!,화끈 한 매운맛!,화끈 한 매운맛!,화끈 한 매운맛!,화끈 한 매운맛!,화끈 한 매운맛!,화끈 한 매운맛!,화끈 한 매운맛!,화끈 한 매운맛!,화끈 한 매운맛!,화끈 한 매운맛!,화끈 한 매운맛!,화끈 한 매운맛!
불닭볶음면,불닭볶연,출을 파프리카쉬& 수시,연 소맥분(호주산 미국산,고추시향이유 맛바이스시티,정제수 삼양간정분 81도,콜레스테롤 0mg 0% 단백%,화끈한 매운맛!,에스유 양파엑기스 연),유탕면 포장재설 용,고객만 육량 수산시오,삼양식품#서울보이,상양식품 홈페이지 :2,큰컵 불닭볶음면,나트륨 950mg 48%,트랜스지방,영양정보,1일 영양성분 기준치에 대한 비율 다,지방 15g 28%,식품유형,원재료명
불닭볶음면,정석파,불닭곰8면,화끈 한매운맛,'닭볶음면 불닭볶음면,불,화끈 매운맛!,SaMYane®,SAMYNal,화끈한 매운맛,화끈한 매운맛,즐기당~,(상스프/혼밥,산 매운맛!,|후레이크,화끈한 매운맛,우레이크I,엑상스트 중 닭고기 0.85%(국내산) 861g,중8:105 g.45kca,•제조한장성이 주)강원도,보장자동불리고로통분
불닭볶음면,불닭볶음,화끈한매운맛,Firen!,Samlave,흑다닭~,(스프 0 103%(국내산) 함유,너무나무 맛있어서,850 450 kcal,불닭볶음,불닭볶음,불닭볶음,불닭볶음,불닭볶음,불닭볶음,불닭볶음,불닭볶음,불닭볶음,불닭볶음,불닭볶음,불닭볶음
불닭볶음면,화끈한 매운맛,samaNG,역싱스로 중 닭고기 0.84%(국내산함유,꼴까닭~,죽을만큼 매워서,화끈한 매운맛,화끈한 매운맛,화끈한 매운맛,화끈한 매운맛,화끈한 매운맛,화끈한 매운맛,화끈한 매운맛,화끈한 매운맛,화끈한 매운맛,화끈한 매운맛,화끈한 매운맛,화끈한 매운맛,화끈한 매운맛,화끈한 매운맛,화끈한 매운맛
불닭볶음면,불닭볶99,화끈한 매운맛,두유무 맛있어서,Samily,불닭볶99,불닭볶99,불닭볶99,불닭볶99,불닭볶99,불닭볶99,불닭볶99,불닭볶99,불닭볶99,불닭볶99,불닭볶99,불닭볶99,불닭볶99,불닭볶99,불닭볶99,불닭볶99
불닭볶음면,불닭볶음면,화끈한 매운맛 ...,SAM¼ANG,Fire.,황당,쟈니 이야기,화담,http://blog.naver.com/jani2yagi,불닭볶음면,불닭볶음면,불닭볶음면,불닭볶음면,불닭볶음면,불닭볶음면,불닭볶음면,불닭볶음면,불닭볶음면,불닭볶음면,불닭볶음면,불닭볶음면
불닭볶음면,환끈한 매운맛,화끈한 매운맛,죽용만큼 대해서,골까닭~,환끈한 매운맛,환끈한 매운맛,환끈한 매운맛,환끈한 매운맛,환끈한 매운맛,환끈한 매운맛,환끈한 매운맛,환끈한 매운맛,환끈한 매운맛,환끈한 매운맛,환끈한 매운맛,환끈한 매운맛,환끈한 매운맛,환끈한 매운맛,환끈한 매운맛,환끈한 매운맛
불닭볶음면,불닭볶음면,화끈한 매운맛,끄적이기,고메 미트볼,SaMaNG,화닭,NEW,105g (201 kcal,-화닭,공식품. 1200원,http://35nara.blog.me,Copyright©끄적이기 All rights reserved,불닭볶음면,불닭볶음면,불닭볶음면,불닭볶음면,불닭볶음면,불닭볶음면,불닭볶음면,불닭볶음면
불닭볶음면,불닭볶99,화끈한 매운맛,두유무 맛있어서,Samily,불닭볶99,불닭볶99,불닭볶99,불닭볶99,불닭볶99,불닭볶99,불닭볶99,불닭볶99,불닭볶99,불닭볶99,불닭볶99,불닭볶99,불닭볶99,불닭볶99,불닭볶99,불닭볶99
