불닭볶음면,포카칩,참깨라면,꼬깔콘
화끈한 매운맛,감자맞는 좋은 상업,참꼬리,소리까지 맛배!
SamYane®,포카트,면,MTNAGER%
re,포카칩,스물폰,매콤달콤한 맛
화닭,- 감자맛이 좋은 생감자 한,곱슬한 몇백!,LOTE
화닭~,오일을,참깨라면,옥수수는 역시 2깔로이!!
사한매운맛,포카?,고소한 면발!,찰옥수수맛
화끈한 매운맛 오복유,포카칩,얼큰한 국물!,{옥수수
※뜨것은 물은 사용한도로 이,포카칩,HIYOM,집옥수수말 파우더
꼴까닭~,포카칩,들어 있어요,1983
죽을만큼 매원어,포카칩은,계란이,달콤고소
동네마트,포카칩,오뚜기,Sinee
SAMYANG,100%,2018 평창 동계올림픽대회,꼬깔콘
화닭,포카칩,공식 라면 서포터,달콤한맛
irewl,포카칩,참깨라면,소리까지 맛있다!
한달,포카칩,2018 평창 동계올림픽대회,끼워먹는 재미
와끈한매운앗,프카리®,공식 라면 서포터,1983
매운맛,포카칩,들어 있어요,LOTTE
Samang 화끈한 매운맛,포카칩,오뚜기,0pEN
Fire~!,포카칩,계란이,Since
애 (뿜뿜,포카칩,참깨라면,꼬깔콘
불닭볶99,포카칩,참깨라면,치먹 스파이시면
화끈한 매운맛,포카칩,들어 있어요,5983
두유무 맛있어서,포카칩,계락이고,옥수수는 역시 2깔로이!!
Samily,포카칩,계란이,찰옥수수맛
불닭볶음탕,포카칩,참깨라면,{옥수수
화끈한 매운맛,(포카칩,얼큰하고,집옥수수말 파우더
화끈한매운맛,포카칩,참깨라면,1983
Samang,포카칩,들어 있어요,달콤고소
Firen,포카칩,계란이,Sinee
불닭볶음면,100%국산,참깨라면,꼬깔콘
정기적으로 들어서 줄을 파라세요. 1!,100-26,(오뚜기),소리까지 맛!
(국내산) 0.85% 함유,햇김,들어 있어요,매콤달콤한 맛
액상스프 중 닭고기,Orgmul,계란이,TEENAGERIS
화끈한매운,10%더 드립니다,참깨라면,508/
Fire~!,• 생감지,얼큰하고,(중량UP
화닭,danawa,더 고소하진!,LOTTE
SAMYAN,카티,SESAME RAMEN,꼬깔콘
화닭~,포카칩,계란이,소리까지 맛있?
호치,Ortgingl,들어 있어요,군옥수수맛
불닭곰8,12 29102 51o 60 g-56,영양정보,1988
활끈한 매운맛,생겹자요,참깨!,ace
죽을만큼 매우,12(조량은 0%1 60g-+66 gX,뚜기,꼬깔콘
꼴까닭~,생위지: 65g(377 kcal),참깨라면,군옥수수맛
화끈한 매운의,00,려 고소재진,소리까지 맛있다?
화끈한 매운맛,감자맛이 좋은 생감자해 고,얼큰하고,GGOEAT!
SAMANG,생갈자,들어 있어요,1983)
Samone,햇감자,2뚜ymolie],LET'S
Fire~!,100,계란이,Since
영산슘) .. %(골김,감자맛이 좋은 생감자칩!,다 인데이,eLOTTE
엑상스프중닭고기(국내산) 0.85% 함유),100%국산,참깨라면,꼬깔콘
화닭,Origingl,참깨라인,소리까지 맛있다?
중량: 105g(435 kcal),Ontion,들어 있어요.,군옥수수맛
3치,생감자칩 110 g(60 kcal),계란이,since 1988
화목~,생각자 90%,ME RAMEN,꼬깔콘
2분 3(공기(국내산) 0.85%,포카칩,전자레인지,고소한 맛
Buitok Fi Lrond),Original es,참깨라면,소리까지 맛있다!
화끈 한 매운맛!,100%생김자새g,참깨라,0워먹는 재미)
화품 +매운맛!,100%041,달큰하고,2985)
SAMane,해바라기유,계랐어요,꼬깔콘
불닭볶음,아니면맛!,날씨하인시 조리시 뚜껑은 원찬히 씻겨주세요!,꼬깔콘
화끈한매운맛,사용제품],http://ggoms.tistory.com,꼬깔콘
Firen!,팜유 대비 포함,참깨,꼬깔콘
Samlave,2,오뚜기,꼬깔콘
흑다닭~,3 껍질째 얇게 썰어,스마트그린컵,소리해 맛에!
(스프 0 103%(국내산) 함유,오른들 위해 질소,ECO,찰옥수수맛]
너무나무 맛있어서,고소하게 튀겨내면,유지해주는 용기입니다.,교육수수맛
850 450 kcal,좋은,라면의 맛을 좋게,고소한맛
화끈한 매운맛,감자맛이,환경은 살리고,소리에 맛~
samaNG,맛있는 포카칩이 됩니다,수라 니트),달콤만맛
역싱스로 중 닭고기 0.84%(국내산함유,좋은 감자만 선별하여,조리예,COUP.
꼴까닭~,오리온 감자 연구소에서,오뚜기 mall엔,OLOTTE
죽을만큼 매워서,신선한 감자를,다 있다! (,소리에 맞게?
불닭볶99,깨끗이 씻어낸 후,www.ottogmat.co.kr,OLOTTE
화끈한 매운맛,SMARE,참깨라면,OLOTTE
두유무 맛있어서,간혹제품사보류,얼큰하고,OLOTTE
Samily,그점은 감자껍질이,더 고소하진!,LOTTE
불닭볶음면,안심하고 드셔도 많이,SESAME RAMEN,제 워먹는 재매!
화끈한 매운맛 ...,PACKAGE,들어 있어요.,꼬깔콘
SAM¼ANG,유통,계란이,소리까지 맛있!
Fire.,오리온 스낵을 인터넷에서 만나요!,영양정보,GGOEATI
황당,HACCP,참깨리면,LETS
쟈니 이야기,http://www.orionworld.com,들어 204,매콤달콤한 맛
화담,부터,얼큰하고,e LOTTE
http://blog.naver.com/jani2yagi,까지,오뚜기,MID SANG AINEAD
환끈한 매운맛,:고객센터,계란이,MAD MONSTER
화끈한 매운맛,자)1524,스마트그린컵,꼬갈콘
죽용만큼 대해서,한,참깨리면,꼬깔
골까닭~,식품안전관리인증,볶음면,신깔콘®
불닭볶99,제품 본련의 가치를,매콤하고 고소해,소리까지 맛있
화끈한 매운맛,들여 나가겠습니다.,,의까지 맛있!
두유무 맛있어서,끝까지! 생감자칩,,소리까지 맛있?
Samily,Orignal,,매콤달콤한맛
,Http://ryong.net,,군옥수수미
,[&¥덕도니 알추낫네],,고소한맛
,포카칩,,since 1988
,2는 감자맛이 좋은 생업자원!,,eLOTTE
,X5,,e LOTTE
,감자맛이 좋은 상감자칩!,,since
,X4,,nce 1983
,오리온,,꼬깔콘
,Onion,,군옥수수맛
,Original,,해바라기유명
,생감자,,1983
,100%,,Since
,REAL POTATO CHIP,,꼬깔콘
,Original,,고소한맛
,*오리온,,해바라기유..;
,NEWSIS,,고소한맛
,오리지널,,고올레산
,가격은 그대로 ! 중량은 10% Up 60 g 66 g),,Brai ODurS
,생감자칩 66 g(377 kcal),,꼬갈콘
,생감자 90 %,,소리까지 맛있다!
,상기 사진는,,군옥수수맛
,이미지컷 입니다.,,since 1983
,뜯는곳,,OLOTTE
,^,,꼬갈리
,Original,,꼬갈콘)
,100%국산,,소리까지 맛
,오리지널,,고소한맛
,세가지,,since 1988
,Origingl,,since 1988
,100% 생감자사용,,군옥수수맛
,감자맛이 좋은 생감자칩!,,꼬깔콘
,100%국산,,소리끼 맛라
,Onion,,소리까지 맛에
,16맹g: 124 g-137g),,OLouTe
,어니언맛,,매콤달콤한맛
,784 kcal),,since 1988
,사진은,,꼬깔콘
,20-66 g1,,군옥수수맛
,8*오리콘,,소리까지 맛있다?
,Onion,,0워먹는 재미!
,거운 그대로! 중산의,,플라스로 고장 3(5166%
,(377 kcal,,263
,감자맛이 좋은 생감자,,상기 사진은 이
,100,,지멋입
,Original,,꼬깔한
,※'오리온,,소리끼지 맛있!
,감자맛이 좋은 생감자칩!,,군옥수수맛
,100%국산,,since 198a
,Onion,,
,16맹g: 124 g-137g),,
,어니언맛,,
,784 kcal),,
,사진은,,
,Original,,
,100,,
,9806000 등,,
,감자맛이 좋은 생감자칩!,,
,Originial,,
,''오리스,,
,해감자,,
,100%국산,,
,오리지널,,
,이지장 입니다.,,
,포카칩,,
,포카칩,,
,~ 감자맛이 좋은 생감자칩!,,
,포카칩,,
,오리온,,
,Originel,,
,월드,,
,Original,,
,오리지능,,
,소!,,
,1000,,
,생!,,
,[자칩/,,
,kE20100%생감자사,,
,Original,,
,'오리라,,
,오리지널,,
,: 감자맛이 좋은 생감자칩!,,
,Original,,
,오리지얼,,
,- 장가입니다 생감자칩.,,
,Origingl,,
,오리,,
,Original,,
,오래!,,
,오리지널,,
,137g(780 kcal),,
